gbifID,countryCode,stateProvince,decimalLatitude,decimalLongitude,eventDate,year,month,day,datasetName,basisOfRecord
5231204980,DE,Rheinland-Pfalz,50.245105,7.577645,2025-07-12T10:36,2025,7,12,iNaturalist research-grade observations,HUMAN_OBSERVATION
5759905965,AT,Steiermark,46.872512,15.855192,2025-07-27T10:09,2025,7,27,iNaturalist research-grade observations,HUMAN_OBSERVATION
5830405532,RU,Tver',56.949115,35.73359,2025-09-20T17:53:59,2025,9,20,iNaturalist research-grade observations,HUMAN_OBSERVATION
5889463355,PT,Coimbra,40.154493,-8.711293,2025-10-10T16:33,2025,10,10,iNaturalist research-grade observations,HUMAN_OBSERVATION
4863914651,IT,Lombardia,45.003314,9.184298,2024-05-14T10:14:28,2024,5,14,iNaturalist research-grade observations,HUMAN_OBSERVATION
4908075362,NL,Gelderland,51.994536,5.676419,2024-06-23T20:59,2024,6,23,iNaturalist research-grade observations,HUMAN_OBSERVATION
4908358505,DE,Rheinland-Pfalz,50.253761,7.605006,2024-06-29T12:24,2024,6,29,iNaturalist research-grade observations,HUMAN_OBSERVATION
4930376121,DE,Rheinland-Pfalz,50.253761,7.605006,2024-06-29,2024,6,29,,HUMAN_OBSERVATION
4976299239,NL,Gelderland,51.967394,5.663992,2024-06-17T16:15,2024,6,17,iNaturalist research-grade observations,HUMAN_OBSERVATION
4908138168,DE,Nordrhein-Westfalen,50.773791,7.08817,2024-07-04T20:18:19,2024,7,4,iNaturalist research-grade observations,HUMAN_OBSERVATION
4921564686,FR,Languedoc-Roussillon,43.80612,4.12528,2024-07-17T14:33,2024,7,17,iNaturalist research-grade observations,HUMAN_OBSERVATION
4921656431,CH,Sankt Gallen,47.125438,9.319312,2024-07-23T19:06,2024,7,23,iNaturalist research-grade observations,HUMAN_OBSERVATION
4954377970,NL,Gelderland,51.982161,5.652822,2024-07-01T22:01,2024,7,1,iNaturalist research-grade observations,HUMAN_OBSERVATION
4986128394,NL,Utrecht,52.05,4.9,2024-07-10,2024,7,10,,HUMAN_OBSERVATION
5022060265,DE,,51.930058,7.971589,2024-07-28T00:00,2024,7,28,,HUMAN_OBSERVATION
5921813713,BE,Limburg,50.963648,5.365391,2024-07-04,2024,7,4,Funbel,HUMAN_OBSERVATION
5922178273,BE,Vlaams Brabant,50.823053,4.851462,2024-07-17,2024,7,17,Funbel,HUMAN_OBSERVATION
4921875052,AT,Steiermark,46.872413,15.856058,2024-08-02T11:09,2024,8,2,iNaturalist research-grade observations,HUMAN_OBSERVATION
4924027156,CH,Vaud,46.854794,6.732851,2024-08-08T19:18,2024,8,8,iNaturalist research-grade observations,HUMAN_OBSERVATION
4926032085,CH,Bern,47.099121,7.319295,2024-08-20T14:53,2024,8,20,iNaturalist research-grade observations,HUMAN_OBSERVATION
4935633383,DE,Bayern,48.588533,13.461502,2024-08-27T10:09:42,2024,8,27,iNaturalist research-grade observations,HUMAN_OBSERVATION
4935790136,PL,Silesian,50.922526,18.68539,2024-08-27T11:28:04,2024,8,27,iNaturalist research-grade observations,HUMAN_OBSERVATION
4940780668,CH,Vd,46.83656,6.75045,2024-08-08,2024,8,8,,HUMAN_OBSERVATION
4940804717,CH,Be,47.10845,7.33982,2024-08-20,2024,8,20,,HUMAN_OBSERVATION
4949943138,DE,Baden-Württemberg,48.543133,9.300629,2024-08-14T16:06,2024,8,14,iNaturalist research-grade observations,HUMAN_OBSERVATION
4954243913,DE,Berlin,52.457702,13.305928,2024-08-21T09:58:10,2024,8,21,iNaturalist research-grade observations,HUMAN_OBSERVATION
5071005409,UA,Sums'ka Oblast',50.8964,34.7741,2024-08-06,2024,8,6,,HUMAN_OBSERVATION
5921764784,BE,Luxembourg,49.523799,5.501409,2024-08-15,2024,8,15,Funbel,HUMAN_OBSERVATION
4940922720,DK,,55.966936,10.552048,2024-09-04,2024,9,4,,HUMAN_OBSERVATION
4954327307,HU,Vas,47.201983,16.69054,2024-09-15T16:47,2024,9,15,iNaturalist research-grade observations,HUMAN_OBSERVATION
4954534374,DE,Baden-Württemberg,49.004916,8.421433,2024-09-21T15:49,2024,9,21,iNaturalist research-grade observations,HUMAN_OBSERVATION
4954545399,DE,Niedersachsen,51.538306,9.936291,2024-09-02T10:22,2024,9,2,iNaturalist research-grade observations,HUMAN_OBSERVATION
4954789069,FR,Île-de-France,48.871337,2.334191,2024-09-08T10:16:09,2024,9,8,iNaturalist research-grade observations,HUMAN_OBSERVATION
4957243980,NL,Utrecht,52.1,5.1,2024-09-06,2024,9,6,,HUMAN_OBSERVATION
5153901621,PL,Opole,50.305189,17.511426,2024-09-06T12:25:29,2024,9,6,iNaturalist research-grade observations,HUMAN_OBSERVATION
5921889749,BE,Vlaams Brabant,50.822805,4.908229,2024-09-04,2024,9,4,Funbel,HUMAN_OBSERVATION
4998532530,DE,,49.950787,8.180385,2024-10-07,2024,10,7,,HUMAN_OBSERVATION
5223287723,BE,,50.920277,4.758611,2023-06-27,2023,6,27,,PRESERVED_SPECIMEN
5922334164,BE,Vlaams Brabant,50.931339,4.738777,2023-06-27,2023,6,27,Funbel,HUMAN_OBSERVATION
4954327110,HU,Fejér,47.157942,18.630685,2023-07-20T18:34:40,2023,7,20,iNaturalist research-grade observations,HUMAN_OBSERVATION
4954379167,HU,Veszprém,47.005904,17.972882,2023-07-19T11:27:27,2023,7,19,iNaturalist research-grade observations,HUMAN_OBSERVATION
4954679756,AT,Steiermark,46.872483,15.855982,2023-07-27T10:13,2023,7,27,iNaturalist research-grade observations,HUMAN_OBSERVATION
5018909385,DE,,50.792519,12.931861,2023-07-13T00:00,2023,7,13,,HUMAN_OBSERVATION
6189323145,IT,,,,2023-07-04,2023,7,4,,MATERIAL_SAMPLE
4424469249,NL,Gelderland,51.965004,5.668765,2023-09-29T17:22,2023,9,29,iNaturalist research-grade observations,HUMAN_OBSERVATION
4933428196,NL,Gelderland,51.95,5.9,2023-09-12,2023,9,12,,HUMAN_OBSERVATION
4933519770,NL,Gelderland,51.95,5.95,2023-09-16,2023,9,16,,HUMAN_OBSERVATION
4954348698,NL,Gelderland,51.980069,5.666057,2023-09-13T17:14,2023,9,13,iNaturalist research-grade observations,HUMAN_OBSERVATION
5024287618,DE,,52.293331,7.421625,2023-09-17T00:00,2023,9,17,,HUMAN_OBSERVATION
3881515235,RU,Tatarstan,56.033494,48.727058,2022-07-30T17:26:29,2022,7,30,iNaturalist research-grade observations,HUMAN_OBSERVATION
3904755159,DE,Nordrhein-Westfalen,51.4,7.06,2022-08-18,2022,8,18,,HUMAN_OBSERVATION
3994172614,RU,Bryansk,52.316833,34.092005,2022-08-04T11:13,2022,8,4,iNaturalist research-grade observations,HUMAN_OBSERVATION
3903410264,PT,Aveiro,40.368913,-8.410075,2022-09-10T15:53:03,2022,9,10,iNaturalist research-grade observations,HUMAN_OBSERVATION
3915572742,CZ,Jihomoravský,49.06897,17.07186,2022-09-24T09:22,2022,9,24,iNaturalist research-grade observations,HUMAN_OBSERVATION
4408078806,NL,Gelderland,51.95,5.85,2022-09-30,2022,9,30,,HUMAN_OBSERVATION
4408235807,NL,Gelderland,52.0,6.05,2022-09-28,2022,9,28,,HUMAN_OBSERVATION
6171647718,DE,,52.368443,12.93348,2022-09-23T00:00,2022,9,23,,HUMAN_OBSERVATION
4408180776,NL,Gelderland,51.95,5.9,2022-10-19,2022,10,19,,HUMAN_OBSERVATION
4408239489,NL,Gelderland,51.95,5.85,2022-10-20,2022,10,20,,HUMAN_OBSERVATION
4408255731,NL,Gelderland,52.05,6.1,2022-10-04,2022,10,4,,HUMAN_OBSERVATION
4499636869,DE,,49.0,8.4,2022-10-25,2022,10,25,,PRESERVED_SPECIMEN
5071005411,UA,Sums'ka Oblast',50.8957,34.7747,2021-06-18,2021,6,18,,HUMAN_OBSERVATION
3327874604,IT,Piemonte,44.706446,8.296255,2021-07-15T18:20:11,2021,7,15,iNaturalist research-grade observations,HUMAN_OBSERVATION
3344028093,UA,Kiev,50.177355,30.320577,2021-08-22T19:54:27,2021,8,22,iNaturalist research-grade observations,HUMAN_OBSERVATION
4072386609,BE,,,,2021-08-24,2021,8,24,,PRESERVED_SPECIMEN
4072399612,BE,,,,2021-08-13,2021,8,13,,PRESERVED_SPECIMEN
4072700613,BE,,,,2021-08-29,2021,8,29,,PRESERVED_SPECIMEN
4072720577,BE,,,,2021-08-31,2021,8,31,,PRESERVED_SPECIMEN
4072720578,BE,,,,2021-08-30,2021,8,30,,PRESERVED_SPECIMEN
4876269907,BE,,,,2021-08-09,2021,8,9,,PRESERVED_SPECIMEN
5020419701,DE,,48.85503,9.38889,2021-08-16T00:00,2021,8,16,,HUMAN_OBSERVATION
5921770218,BE,Vlaams Brabant,50.895382,4.738493,2021-08-30,2021,8,30,Funbel,HUMAN_OBSERVATION
5921819250,BE,Vlaams Brabant,50.931145,4.795676,2021-08-13,2021,8,13,Funbel,HUMAN_OBSERVATION
5921891766,BE,Vlaams Brabant,50.895382,4.738493,2021-08-09,2021,8,9,Funbel,HUMAN_OBSERVATION
5921950043,BE,Vlaams Brabant,50.895382,4.738493,2021-08-24,2021,8,24,Funbel,HUMAN_OBSERVATION
5921950463,BE,Vlaams Brabant,50.967794,4.511288,2021-08-29,2021,8,29,Funbel,HUMAN_OBSERVATION
5921974461,BE,Vlaams Brabant,51.001674,5.081256,2021-08-27,2021,8,27,Funbel,HUMAN_OBSERVATION
5922371943,BE,Vlaams Brabant,50.895382,4.738493,2021-08-31,2021,8,31,Funbel,HUMAN_OBSERVATION
3384391760,CZ,Jihomoravský,49.150304,16.878043,2021-09-13T18:05:37,2021,9,13,iNaturalist research-grade observations,HUMAN_OBSERVATION
3868375380,NL,Gelderland,51.9864,5.7474,2021-09-26,2021,9,26,,PRESERVED_SPECIMEN
4072392655,BE,,,,2021-09-28,2021,9,28,,PRESERVED_SPECIMEN
4120045955,CH,Lu,47.06009,8.32714,2021-09-19,2021,9,19,,HUMAN_OBSERVATION
4120050179,CH,Lu,47.06009,8.32714,2021-09-19,2021,9,19,,HUMAN_OBSERVATION
5079994217,AT,,46.53583,14.43944,2021-09-19,2021,9,19,,PRESERVED_SPECIMEN
5922182742,BE,Vlaams Brabant,50.931339,4.738777,2021-09-28,2021,9,28,Funbel,HUMAN_OBSERVATION
3391480651,CZ,Jihomoravský,49.15046,16.877965,2021-10-08T15:13,2021,10,8,iNaturalist research-grade observations,HUMAN_OBSERVATION
3905881924,NL,Gelderland,51.95,5.65,2021-10-03,2021,10,3,,HUMAN_OBSERVATION
4073210593,BE,,,,2021-10-01,2021,10,1,,PRESERVED_SPECIMEN
5922196214,BE,Vlaams Brabant,50.931145,4.795676,2021-10-01,2021,10,1,Funbel,HUMAN_OBSERVATION
2826385754,BY,Minsk,54.202713,27.857512,2020-07-24T11:47:20,2020,7,24,iNaturalist research-grade observations,HUMAN_OBSERVATION
4459991953,ES,Valencia,39.543695,-0.346191,2020-07-12,2020,7,12,,HUMAN_OBSERVATION
4462027577,ES,Valencia,39.543695,-0.346191,2020-07-12,2020,7,12,,HUMAN_OBSERVATION
4462150891,ES,Barcelona,42.039015,2.07824,2020-07-15,2020,7,15,,HUMAN_OBSERVATION
4462213616,ES,Valencia,39.543695,-0.346191,2020-07-12,2020,7,12,,HUMAN_OBSERVATION
2850720350,LV,Zemgale,56.411999,24.022018,2020-08-06T12:59,2020,8,6,iNaturalist research-grade observations,HUMAN_OBSERVATION
2851274173,RU,Bashkortostan,54.599734,56.111284,2020-08-17T10:09,2020,8,17,iNaturalist research-grade observations,HUMAN_OBSERVATION
2851293156,DE,Bayern,48.809066,12.887893,2020-08-16T16:08,2020,8,16,iNaturalist research-grade observations,HUMAN_OBSERVATION
4908582016,DE,Nordrhein-Westfalen,51.479182,6.768417,2020-08-30T11:34,2020,8,30,iNaturalist research-grade observations,HUMAN_OBSERVATION
3387104728,DE,,49.0,8.4,2020-09-27,2020,9,27,,PRESERVED_SPECIMEN
2901578849,FR,Nord-Pas-de-Calais,50.009284,4.024658,2020-10-18,2020,10,18,iNaturalist research-grade observations,HUMAN_OBSERVATION
2981230318,DK,,55.672063,12.309369,2020-11-03,2020,11,3,,HUMAN_OBSERVATION
4153272974,IT,,,,2020,2020,,,,MATERIAL_SAMPLE
4153277039,IT,,,,2020,2020,,,,MATERIAL_SAMPLE
6065032699,GB,Wales,51.729737,-3.811354,2019-07-10,2019,7,10,SEWBReC Fungi (South East Wales),HUMAN_OBSERVATION
5023537265,DE,,54.329044,13.129549,2019-08-18T00:00,2019,8,18,,HUMAN_OBSERVATION
5079949153,SI,,46.328648,15.722614,2019-08-25,2019,8,25,,HUMAN_OBSERVATION
3120365034,CH,Zh,47.50602,8.73283,2019-09-01,2019,9,1,,HUMAN_OBSERVATION
5079973430,AT,,47.08194,15.45722,2019-09-19,2019,9,19,,PRESERVED_SPECIMEN
5079908594,AT,,47.182373,15.980202,2019-10-13,2019,10,13,,HUMAN_OBSERVATION
5079856338,AT,,48.209217,16.510612,2018-06-08,2018,6,8,,HUMAN_OBSERVATION
5079841258,AT,,48.20284,16.322851,2018-07-12,2018,7,12,,HUMAN_OBSERVATION
5079824867,AT,,48.03592,16.35682,2018-08-05,2018,8,5,,HUMAN_OBSERVATION
5020821887,DE,,50.126633,8.657827,2018-10-06T00:00,2018,10,6,,HUMAN_OBSERVATION
3347092455,IT,,,,2018,2018,,,,MATERIAL_SAMPLE
3347116486,IT,,,,2018,2018,,,,MATERIAL_SAMPLE
4153280002,IT,,,,2018,2018,,,,MATERIAL_SAMPLE
2603408120,RU,Krasnodar,44.831472,38.380976,2017-06-21T14:47,2017,6,21,iNaturalist research-grade observations,HUMAN_OBSERVATION
3911505349,IS,,64.2443,-21.4436,2017-09-10,2017,9,10,,MATERIAL_SAMPLE
3911552763,IS,,64.2443,-21.4436,2017-09-10,2017,9,10,,MATERIAL_SAMPLE
4153272973,IT,,,,2017,2017,,,,MATERIAL_SAMPLE
2441768669,FI,,60.426,22.992,2016-07-25,2016,7,25,,MATERIAL_SAMPLE
2574234654,RU,Krasnodar,44.831878,38.380771,2016-07-02T13:25,2016,7,2,iNaturalist research-grade observations,HUMAN_OBSERVATION
3916331142,FI,,60.425,23.0,2016-07-25,2016,7,25,,MATERIAL_SAMPLE
3916331262,FI,,60.746,21.689,2016-07-25,2016,7,25,,MATERIAL_SAMPLE
3916337318,FI,,60.559,22.64,2016-07-25,2016,7,25,,MATERIAL_SAMPLE
3916337669,FI,,60.425,23.0,2016-07-25,2016,7,25,,MATERIAL_SAMPLE
3916395666,FI,,60.561,22.642,2016-07-25,2016,7,25,,MATERIAL_SAMPLE
3120416703,CH,Be,46.74662,8.12567,2016-08-25,2016,8,25,,HUMAN_OBSERVATION
3911475163,IS,,64.0463,-18.2726,2016-08-24,2016,8,24,,MATERIAL_SAMPLE
5027332054,DE,,49.774731,7.998991,2016-08-07T00:00,2016,8,7,,HUMAN_OBSERVATION
5079838310,AT,,48.197453,16.443863,2016-09-20,2016,9,20,,HUMAN_OBSERVATION
3917207699,FI,,60.25,25.3,2016-10-01,2016,10,1,,MATERIAL_SAMPLE
5079856344,AT,,48.20924,16.510635,2016-10-24,2016,10,24,,HUMAN_OBSERVATION
3120323566,CH,Ti,46.37858,8.96595,2015-10-27,2015,10,27,,PRESERVED_SPECIMEN
3120363664,CH,Ge,46.24685,6.1744,2015-10-10,2015,10,10,,PRESERVED_SPECIMEN
3120408190,CH,Vd,46.42745,6.23524,2015-10-23,2015,10,23,,HUMAN_OBSERVATION
3910080795,DE,,51.3497,7.1706,2014-01-01,2014,1,1,,MATERIAL_SAMPLE
3910087384,DE,,51.3497,7.1706,2014-01-01,2014,1,1,,MATERIAL_SAMPLE
3910087564,DE,,51.3497,7.1706,2014-01-01,2014,1,1,,MATERIAL_SAMPLE
3910088108,DE,,51.3497,7.1706,2014-01-01,2014,1,1,,MATERIAL_SAMPLE
3910102810,DE,,51.3497,7.1706,2014-01-01,2014,1,1,,MATERIAL_SAMPLE
3910125532,DE,,51.3497,7.1706,2014-01-01,2014,1,1,,MATERIAL_SAMPLE
3910125703,DE,,51.3497,7.1706,2014-01-01,2014,1,1,,MATERIAL_SAMPLE
3910768323,DE,,51.3497,7.1706,2014-01-01,2014,1,1,,MATERIAL_SAMPLE
3910768887,DE,,51.3497,7.1706,2014-01-01,2014,1,1,,MATERIAL_SAMPLE
3910900645,DE,,51.3497,7.1706,2014-01-01,2014,1,1,,MATERIAL_SAMPLE
3910900920,DE,,51.3497,7.1706,2014-01-01,2014,1,1,,MATERIAL_SAMPLE
3910901022,DE,,51.3497,7.1706,2014-01-01,2014,1,1,,MATERIAL_SAMPLE
3910997338,DE,,51.3497,7.1706,2014-01-01,2014,1,1,,MATERIAL_SAMPLE
3910997537,DE,,51.3497,7.1706,2014-01-01,2014,1,1,,MATERIAL_SAMPLE
3911015925,DE,,51.3497,7.1706,2014-01-01,2014,1,1,,MATERIAL_SAMPLE
3911131601,DE,,51.3497,7.1706,2014-01-01,2014,1,1,,MATERIAL_SAMPLE
3911131657,DE,,51.3497,7.1706,2014-01-01,2014,1,1,,MATERIAL_SAMPLE
3911176262,DE,,51.3497,7.1706,2014-01-01,2014,1,1,,MATERIAL_SAMPLE
3911182755,DE,,51.3497,7.1706,2014-01-01,2014,1,1,,MATERIAL_SAMPLE
3911182910,DE,,51.3497,7.1706,2014-01-01,2014,1,1,,MATERIAL_SAMPLE
3911189346,DE,,51.3497,7.1706,2014-01-01,2014,1,1,,MATERIAL_SAMPLE
3911194203,DE,,51.3497,7.1706,2014-01-01,2014,1,1,,MATERIAL_SAMPLE
3911207922,DE,,51.3497,7.1706,2014-01-01,2014,1,1,,MATERIAL_SAMPLE
3911220317,DE,,51.3497,7.1706,2014-01-01,2014,1,1,,MATERIAL_SAMPLE
3911220353,DE,,51.3497,7.1706,2014-01-01,2014,1,1,,MATERIAL_SAMPLE
3911220356,DE,,51.3497,7.1706,2014-01-01,2014,1,1,,MATERIAL_SAMPLE
3911220613,DE,,51.3497,7.1706,2014-01-01,2014,1,1,,MATERIAL_SAMPLE
3911221032,DE,,51.3497,7.1706,2014-01-01,2014,1,1,,MATERIAL_SAMPLE
3911225548,DE,,51.3497,7.1706,2014-01-01,2014,1,1,,MATERIAL_SAMPLE
3911225562,DE,,51.3497,7.1706,2014-01-01,2014,1,1,,MATERIAL_SAMPLE
3911225568,DE,,51.3497,7.1706,2014-01-01,2014,1,1,,MATERIAL_SAMPLE
3911225665,DE,,51.3497,7.1706,2014-01-01,2014,1,1,,MATERIAL_SAMPLE
3911226018,DE,,51.3497,7.1706,2014-01-01,2014,1,1,,MATERIAL_SAMPLE
3911238373,DE,,51.3497,7.1706,2014-01-01,2014,1,1,,MATERIAL_SAMPLE
3911238634,DE,,51.3497,7.1706,2014-01-01,2014,1,1,,MATERIAL_SAMPLE
3911238897,DE,,51.3497,7.1706,2014-01-01,2014,1,1,,MATERIAL_SAMPLE
3911239027,DE,,51.3497,7.1706,2014-01-01,2014,1,1,,MATERIAL_SAMPLE
3911239299,DE,,51.3497,7.1706,2014-01-01,2014,1,1,,MATERIAL_SAMPLE
3911254877,DE,,51.3497,7.1706,2014-01-01,2014,1,1,,MATERIAL_SAMPLE
3911257393,DE,,51.3497,7.1706,2014-01-01,2014,1,1,,MATERIAL_SAMPLE
3911257448,DE,,51.3497,7.1706,2014-01-01,2014,1,1,,MATERIAL_SAMPLE
3911257728,DE,,51.3497,7.1706,2014-01-01,2014,1,1,,MATERIAL_SAMPLE
3911257842,DE,,51.3497,7.1706,2014-01-01,2014,1,1,,MATERIAL_SAMPLE
3911270696,DE,,51.3497,7.1706,2014-01-01,2014,1,1,,MATERIAL_SAMPLE
3911270991,DE,,51.3497,7.1706,2014-01-01,2014,1,1,,MATERIAL_SAMPLE
3911271207,DE,,51.3497,7.1706,2014-01-01,2014,1,1,,MATERIAL_SAMPLE
3911271284,DE,,51.3497,7.1706,2014-01-01,2014,1,1,,MATERIAL_SAMPLE
3911274698,DE,,51.3497,7.1706,2014-01-01,2014,1,1,,MATERIAL_SAMPLE
3911281499,DE,,51.3497,7.1706,2014-01-01,2014,1,1,,MATERIAL_SAMPLE
3911281774,DE,,51.3497,7.1706,2014-01-01,2014,1,1,,MATERIAL_SAMPLE
3911292622,DE,,51.3497,7.1706,2014-01-01,2014,1,1,,MATERIAL_SAMPLE
4868699695,GB,,50.721809,-2.755867,2014-07-02T00:00,2014,7,2,,PRESERVED_SPECIMEN
4868697889,GB,,50.944286,-2.498956,2014-09-06T00:00,2014,9,6,,PRESERVED_SPECIMEN
4868697927,GB,,50.839359,-2.908325,2014-09-20T00:00,2014,9,20,,PRESERVED_SPECIMEN
4868699728,GB,,50.948582,-2.711133,2014-09-17T00:00,2014,9,17,,PRESERVED_SPECIMEN
4868885740,GB,,50.948582,-2.711133,2014-09-17T00:00,2014,9,17,,PRESERVED_SPECIMEN
4869072658,GB,,50.923401,-3.479152,2014-09-18T00:00,2014,9,18,,PRESERVED_SPECIMEN
4868885846,JE,,49.227849,-2.071529,2014-10-15T00:00,2014,10,15,,PRESERVED_SPECIMEN
2846028825,DE,,49.0,8.4,2013-05-28,2013,5,28,,PRESERVED_SPECIMEN
5026246744,DE,,47.670532,7.533059,2013-07-20T00:00,2013,7,20,,HUMAN_OBSERVATION
1638417206,AT,,47.08167,15.45667,2013-09-30,2013,9,30,,PRESERVED_SPECIMEN
3119962064,CH,Ti,46.15693,8.7008,2013-11-01,2013,11,1,,HUMAN_OBSERVATION
3120397190,CH,Ti,46.0638,8.95714,2013-11-10,2013,11,10,,HUMAN_OBSERVATION
3120411216,CH,Ti,46.20116,8.76661,2013-11-01,2013,11,1,,HUMAN_OBSERVATION
694846485,DE,,49.468472,7.172722,2012-08-31,2012,8,31,,PRESERVED_SPECIMEN
694846490,DE,,51.267778,14.094722,2012-08-01,2012,8,1,,PRESERVED_SPECIMEN
3120302404,CH,Zh,47.50602,8.73283,2012-08-26,2012,8,26,,PRESERVED_SPECIMEN
4868845073,GB,,50.720539,-3.528013,2012-08-22T00:00,2012,8,22,,PRESERVED_SPECIMEN
6135412768,GB,England,51.4,-2.9,2012-08-16,2012,8,16,Fungus Conservation Trust - CATE,HUMAN_OBSERVATION
3120398165,CH,Ti,46.42355,8.96722,2012-09-05,2012,9,5,,HUMAN_OBSERVATION
4868866044,GB,,51.478622,-2.372272,2012-09-04T00:00,2012,9,4,,PRESERVED_SPECIMEN
4869017606,GB,,50.961086,-2.856581,2012-09-14T00:00,2012,9,14,,PRESERVED_SPECIMEN
5071005405,UA,Sums'ka Oblast',50.8968,34.7741,2012-10-14,2012,10,14,,HUMAN_OBSERVATION
3120340185,CH,Ti,46.20116,8.76661,2012-11-15,2012,11,15,,HUMAN_OBSERVATION
3349306422,IT,,,,2012,2012,,,,MATERIAL_SAMPLE
5071005407,UA,Sums'ka Oblast',50.8966,34.7742,2011-10-15,2011,10,15,,HUMAN_OBSERVATION
3120411183,CH,Ti,46.15373,8.95965,2010-09-10,2010,9,10,,HUMAN_OBSERVATION
3120340221,CH,Ti,46.19956,8.89614,2010-11-05,2010,11,5,,HUMAN_OBSERVATION
3910255288,SE,,66.0515,17.8901,2009-01-08,2009,1,8,,MATERIAL_SAMPLE
3911455650,SE,,66.0515,17.8901,2009-01-08,2009,1,8,,MATERIAL_SAMPLE
442066648,DE,,51.1775,14.422778,2009-08-19,2009,8,19,,PRESERVED_SPECIMEN
1622373314,DE,,51.936039,11.786434,2009-08-27,2009,8,27,,PRESERVED_SPECIMEN
2845998775,FR,,48.5,7.5,2009-08-30,2009,8,30,,PRESERVED_SPECIMEN
3120398192,CH,Ti,46.2019,8.70185,2009-08-01,2009,8,1,,HUMAN_OBSERVATION
3120358203,CH,Vs,46.29887,7.53598,2009-10-28,2009,10,28,,HUMAN_OBSERVATION
3349357904,FR,,44.9229,-0.638,2009,2009,,,,MATERIAL_SAMPLE
4006715591,UA,Kharkiv,50.054843,36.302977,2008-07-09T10:43,2008,7,9,iNaturalist research-grade observations,HUMAN_OBSERVATION
3022574042,EE,,,,2008-08,2008,8,,,PRESERVED_SPECIMEN
694846481,DE,,51.773098,12.635928,2008-09-08,2008,9,8,,PRESERVED_SPECIMEN
2846015923,DE,,,,2008-10-13,2008,10,13,,PRESERVED_SPECIMEN
2845998767,DE,,49.0,8.6,2007-07-28,2007,7,28,,PRESERVED_SPECIMEN
2845976954,DE,,49.3,9.4,2007-08-29,2007,8,29,,PRESERVED_SPECIMEN
2846006939,DE,,,,2007-08-24,2007,8,24,,PRESERVED_SPECIMEN
2846009000,DE,,,,2007-08-24,2007,8,24,,PRESERVED_SPECIMEN
6135640093,GB,England,52.4,-0.4,2007-08-15,2007,8,15,Fungus Conservation Trust - CATE,HUMAN_OBSERVATION
442066369,DE,,51.254852,11.668801,2007-09-02,2007,9,2,,PRESERVED_SPECIMEN
3119987179,CH,Ti,45.97471,8.89015,2007-09-13,2007,9,13,,HUMAN_OBSERVATION
3120016210,CH,Ti,46.01968,8.89135,2007-09-14,2007,9,14,,HUMAN_OBSERVATION
3120326142,CH,Vs,46.25389,7.34139,2007-09-29,2007,9,29,,HUMAN_OBSERVATION
3120358173,CH,Ti,45.97471,8.89015,2007-09-11,2007,9,11,,HUMAN_OBSERVATION
2846032370,DE,,49.0,8.4,2006-07-16,2006,7,16,,PRESERVED_SPECIMEN
3120016209,CH,Vs,46.29887,7.53598,2006-08-11,2006,8,11,,HUMAN_OBSERVATION
3120386746,CH,Ge,46.24685,6.1744,2006-08-15,2006,8,15,,HUMAN_OBSERVATION
5079612974,AT,,47.72286,16.37096,2006-08-23,2006,8,23,,HUMAN_OBSERVATION
2846009045,DE,,50.0,8.1,2006-10-01,2006,10,1,,PRESERVED_SPECIMEN
5079608319,AT,,47.72286,16.37096,2006-10-17,2006,10,17,,HUMAN_OBSERVATION
328235461,RO,Giurgiu,44.43333,25.7,2005-09-16,2005,9,16,,PRESERVED_SPECIMEN
4868809464,GB,,,,2005-10-15T00:00,2005,10,15,,PRESERVED_SPECIMEN
442064056,DE,,51.177372,11.796452,2003-06-17,2003,6,17,,PRESERVED_SPECIMEN
442064074,DE,,,,2003-09-27,2003,9,27,,PRESERVED_SPECIMEN
3120256173,CH,Ti,45.88303,9.01655,2002-07-08,2002,7,8,,HUMAN_OBSERVATION
5080000433,AT,,48.25404,16.33722,2002-10-05,2002,10,5,,PRESERVED_SPECIMEN
3120352763,CH,Ge,46.24685,6.1744,2001-07-15,2001,7,15,,HUMAN_OBSERVATION
2845980939,DE,,47.7,9.1,2001-08-30,2001,8,30,,PRESERVED_SPECIMEN
4020814808,UA,Khersons'ka Oblast',46.460491,33.878967,2000,2000,,,,MATERIAL_CITATION
2846003911,DE,,48.0,7.9,1999-08-21,1999,8,21,,PRESERVED_SPECIMEN
2846009004,DE,,47.8,9.0,1999-08-14,1999,8,14,,PRESERVED_SPECIMEN
3120019101,CH,Bl,47.51313,7.60456,1999-09-09,1999,9,9,,HUMAN_OBSERVATION
5080012698,AT,,48.175,16.375,1999-09-14,1999,9,14,,PRESERVED_SPECIMEN
3120402730,CH,Ge,46.24685,6.1744,1998-07-15,1998,7,15,,HUMAN_OBSERVATION
442064641,DE,,,,1998-09-06,1998,9,6,,PRESERVED_SPECIMEN
442056946,DE,,51.054443,13.739166,1997-08-31,1997,8,31,,PRESERVED_SPECIMEN
3022569815,EE,,,,1997-08-28,1997,8,28,,PRESERVED_SPECIMEN
3120005728,CH,Ge,46.24685,6.1744,1997-09-15,1997,9,15,,HUMAN_OBSERVATION
3120005703,CH,Ge,46.24685,6.1744,1995-09-15,1995,9,15,,HUMAN_OBSERVATION
3120386708,CH,Ge,46.24685,6.1744,1995-09-15,1995,9,15,,HUMAN_OBSERVATION
442062634,DE,,,,1995-10-17,1995,10,17,,PRESERVED_SPECIMEN
442062635,DE,,,,1995-10-18,1995,10,18,,PRESERVED_SPECIMEN
5196653420,DE,,,,1987-08-04,1987,8,4,Svampedatabase,PRESERVED_SPECIMEN
1840735685,DE,,,,1987-10-03,1987,10,3,,PRESERVED_SPECIMEN
6030771191,GB,England,52.591956,1.468096,1985-06-01,1985,6,1,Fungal Records Database of Britain and Ireland,HUMAN_OBSERVATION
6073053958,GB,England,52.591956,1.468096,1985-06-01,1985,6,1,NBIS Records to December 2016,HUMAN_OBSERVATION
6135136597,GB,England,52.6,1.4,1985-06-01,1985,6,1,Fungus Conservation Trust - CATE,HUMAN_OBSERVATION
1840487019,IT,,,,1978-08-05,1978,8,5,,PRESERVED_SPECIMEN
1840487106,IT,,,,1978-08-05,1978,8,5,,PRESERVED_SPECIMEN
5223307841,IT,,,,1978-08-05,1978,8,5,,PRESERVED_SPECIMEN
3107784920,AT,,,,1974-10-27,1974,10,27,,PRESERVED_SPECIMEN
2846049537,DE,,50.5,7.1,1970-08-09,1970,8,9,,PRESERVED_SPECIMEN
47885896,DE,,,,1967-09,1967,9,,,OBSERVATION
47885898,DE,,,,1967-09,1967,9,,,OBSERVATION
47885899,DE,,,,1967-09,1967,9,,,OBSERVATION
47885906,DE,,,,1967-09,1967,9,,,OBSERVATION
47885911,DE,,,,1967-09,1967,9,,,OBSERVATION
47885912,DE,,,,1967-09,1967,9,,,OBSERVATION
47885913,DE,,,,1967-09,1967,9,,,OBSERVATION
47885915,DE,,,,1967-09,1967,9,,,PRESERVED_SPECIMEN
47885918,DE,,,,1967-09,1967,9,,,OBSERVATION
47885919,DE,,,,1967-09,1967,9,,,OBSERVATION
47885920,DE,,,,1967-09,1967,9,,,OBSERVATION
47885922,DE,,,,1967-09,1967,9,,,OBSERVATION
47885893,DE,,,,1967-10,1967,10,,,OBSERVATION
47885895,DE,,,,1967-10,1967,10,,,OBSERVATION
47885901,DE,,,,1967-10,1967,10,,,OBSERVATION
47885902,DE,,,,1967-10,1967,10,,,OBSERVATION
47885904,DE,,,,1967-10,1967,10,,,OBSERVATION
47885905,DE,,,,1967-10,1967,10,,,OBSERVATION
47885908,DE,,,,1967-10,1967,10,,,OBSERVATION
47885909,DE,,,,1967-10,1967,10,,,OBSERVATION
47885916,DE,,,,1967-10,1967,10,,,OBSERVATION
47885923,DE,,,,1967-10,1967,10,,,PRESERVED_SPECIMEN
47885924,DE,,,,1966-08,1966,8,,,PRESERVED_SPECIMEN
1840648190,RO,,,,1965-07-13,1965,7,13,,PRESERVED_SPECIMEN
3022715417,RO,,,,1965-07-13,1965,7,13,,PRESERVED_SPECIMEN
4982416463,RO,Dolj,44.359444,23.821667,1965-07-13,1965,7,13,,PRESERVED_SPECIMEN
5910700673,RO,Oltenia,,,1965-07-13,1965,7,13,,PRESERVED_SPECIMEN
5937454447,RO,,,,1965-07-13,1965,7,13,,PRESERVED_SPECIMEN
1046437665,CH,,,,1960-07-26,1960,7,26,CSIC-Real Jardín Botánico-Colección de Hongos (MA-Fungi),PRESERVED_SPECIMEN
1086307996,CH,Ticino,,,1960-07-26,1960,7,26,,PRESERVED_SPECIMEN
1840648209,CH,,,,1960-07-26,1960,7,26,,PRESERVED_SPECIMEN
4099714729,CH,,,,1960-07-26,1960,7,26,,PRESERVED_SPECIMEN
5868779723,CH,,,,1960-07-26,1960,7,26,,PRESERVED_SPECIMEN
2464925238,HU,Veszprém,,,1957-01-14,1957,1,14,,PRESERVED_SPECIMEN
1928258271,PL,,,,1957-08-18,1957,8,18,Fungi,PRESERVED_SPECIMEN
1989427158,PL,,,,1957-08-18,1957,8,18,,PRESERVED_SPECIMEN
3312516082,PL,,,,1957-08-18,1957,8,18,Edinburgh (E) Herbarium Specimens,PRESERVED_SPECIMEN
3476212898,PL,,49.9513,22.16965,1957-08-18,1957,8,18,,PRESERVED_SPECIMEN
5937454444,PL,,,,1957-08-18,1957,8,18,,PRESERVED_SPECIMEN
1840648283,BE,,,,1954-08-07,1954,8,7,,PRESERVED_SPECIMEN
5196557955,DK,,,,1950-08-22,1950,8,22,Svampedatabase,PRESERVED_SPECIMEN
5196553429,DK,,,,1949-08-09,1949,8,9,Svampedatabase,PRESERVED_SPECIMEN
5196554223,DK,,55.2589,12.1282,1949-08-13,1949,8,13,Svampedatabase,PRESERVED_SPECIMEN
5196559237,DK,,55.2589,12.1282,1949-08-13,1949,8,13,Svampedatabase,PRESERVED_SPECIMEN
5196560921,DK,,55.2589,12.1282,1949-08-13,1949,8,13,Svampedatabase,PRESERVED_SPECIMEN
5196594002,DK,,55.2589,12.1282,1949-08-13,1949,8,13,Svampedatabase,PRESERVED_SPECIMEN
5196634393,DK,,55.2589,12.1282,1949-08-13,1949,8,13,Svampedatabase,PRESERVED_SPECIMEN
5196678334,DK,,,,1949-08-09,1949,8,9,Svampedatabase,PRESERVED_SPECIMEN
5196696381,DK,,,,1949-08-09,1949,8,9,Svampedatabase,PRESERVED_SPECIMEN
4099714688,HU,,47.166667,18.583333,1949-09-24,1949,9,24,,PRESERVED_SPECIMEN
6031125403,GB,England,51.278158,-0.065855,1948-10,1948,10,,Fungal Records Database of Britain and Ireland,HUMAN_OBSERVATION
5196602325,DK,,,,1946-08-18,1946,8,18,Svampedatabase,PRESERVED_SPECIMEN
5196605645,DK,,,,1946-08-30,1946,8,30,Svampedatabase,PRESERVED_SPECIMEN
5196701626,DK,,,,1946-08-18,1946,8,18,Svampedatabase,PRESERVED_SPECIMEN
5937454438,CH,,,,1942-07-20,1942,7,20,,PRESERVED_SPECIMEN
5937454440,CH,,,,1942-07-09,1942,7,9,,PRESERVED_SPECIMEN
5937454441,CH,,,,1942-07-09,1942,7,9,,PRESERVED_SPECIMEN
4988693521,CH,,,,1942-09-07,1942,9,7,Fungi,PRESERVED_SPECIMEN
4988686470,FR,,,,1939-08-22,1939,8,22,Fungi,PRESERVED_SPECIMEN
5937511330,CH,,,,1938-08,1938,8,,,PRESERVED_SPECIMEN
1086308016,LT,,,,1938-09-26,1938,9,26,,PRESERVED_SPECIMEN
4099714728,FR,,48.856258,1.87261,1937-06-27,1937,6,27,,PRESERVED_SPECIMEN
5937454445,CH,,,,1937-10,1937,10,,,PRESERVED_SPECIMEN
4099941717,CH,,,,1936-08,1936,8,,,PRESERVED_SPECIMEN
5937454384,CH,,,,1936-08,1936,8,,,PRESERVED_SPECIMEN
1086307985,MK,,,,1935-07-16,1935,7,16,,PRESERVED_SPECIMEN
1930114967,CZ,,,,1934-10,1934,10,,Fungi,PRESERVED_SPECIMEN
3022577504,CZ,,,,1934-10-01,1934,10,1,,PRESERVED_SPECIMEN
1086309407,DE,Rheinland-Pfalz,,,1932-07-30,1932,7,30,,PRESERVED_SPECIMEN
2846007714,DE,,49.4,8.7,1932-07-21,1932,7,21,,PRESERVED_SPECIMEN
4100056736,RO,,,,1932-07-11,1932,7,11,,PRESERVED_SPECIMEN
4869026847,GB,,,,1932-09-18T00:00,1932,9,18,,PRESERVED_SPECIMEN
4869043375,GB,,,,1932-09-01T00:00,1932,9,1,,PRESERVED_SPECIMEN
6030884641,GB,England,51.106437,-0.644421,1932-09,1932,9,,Fungal Records Database of Britain and Ireland,HUMAN_OBSERVATION
6031066366,GB,England,51.106437,-0.644421,1932-09-23,1932,9,23,Fungal Records Database of Britain and Ireland,HUMAN_OBSERVATION
5868779354,CZ,,49.54806,17.73472,1931-08,1931,8,,,PRESERVED_SPECIMEN
5868779738,CZ,,49.54806,17.73472,1931-08,1931,8,,,PRESERVED_SPECIMEN
4099941723,RO,,,,1930-08-28,1930,8,28,,PRESERVED_SPECIMEN
3022578413,PL,,,,1930-12-31,1930,12,31,,PRESERVED_SPECIMEN
5843231382,GB,,,,1926-09-01T00:00,1926,9,1,,PRESERVED_SPECIMEN
5843244600,GB,,,,1926-09-10T00:00,1926,9,10,,PRESERVED_SPECIMEN
5937511311,FR,,,,1926-09-26,1926,9,26,,PRESERVED_SPECIMEN
6031307286,GB,England,51.167495,0.930868,1926-09,1926,9,,Fungal Records Database of Britain and Ireland,HUMAN_OBSERVATION
6134855652,GB,England,51.2,0.9,1926-09-30,1926,9,30,Fungus Conservation Trust - CATE,HUMAN_OBSERVATION
1086309424,DE,Bayern,,,1925-06,1925,6,,,PRESERVED_SPECIMEN
4099763617,RO,,,,1925-07-09,1925,7,9,,PRESERVED_SPECIMEN
4869043383,RO,,,,1925-07-09T00:00,1925,7,9,,PRESERVED_SPECIMEN
5937454417,RO,,,,1925-08-09,1925,8,9,,PRESERVED_SPECIMEN
3022577449,CZ,,,,1924-05-01,1924,5,1,,PRESERVED_SPECIMEN
1086308020,HU,,,,1924-08,1924,8,,,PRESERVED_SPECIMEN
3965677236,HU,,47.1625,19.5033,1924-08,1924,8,,,OCCURRENCE
4099482716,HU,,46.829906,17.621269,1924-08,1924,8,,,PRESERVED_SPECIMEN
4099743821,HU,,46.829906,17.621269,1924-08,1924,8,,,PRESERVED_SPECIMEN
5220490273,HU,,,,1924-08-01T00:00,1924,8,1,,PRESERVED_SPECIMEN
5868779731,HU,,46.83333,17.63333,1924-08,1924,8,,,PRESERVED_SPECIMEN
5937454380,HU,,,,1924-08,1924,8,,,PRESERVED_SPECIMEN
2513363757,CZ,South Moravia,,,1923-09-01/1923-09-30,1923,9,,,PRESERVED_SPECIMEN
4099484711,FR,,50.006253,2.776904,1922-05-31,1922,5,31,,PRESERVED_SPECIMEN
4099489677,FR,,50.006253,2.776904,1922-05-31,1922,5,31,,PRESERVED_SPECIMEN
4099954738,IT,,46.066667,11.133333,1922-05,1922,5,,,PRESERVED_SPECIMEN
4099482674,IT,,44.7,8.033333,1921-06,1921,6,,,PRESERVED_SPECIMEN
4099940687,IT,,44.7,8.033333,1921-06,1921,6,,,PRESERVED_SPECIMEN
4099941654,IT,,44.7,8.033333,1921-06-10,1921,6,10,,PRESERVED_SPECIMEN
4099941720,IT,,44.7,8.033333,1921-06,1921,6,,,PRESERVED_SPECIMEN
4988701638,RO,,,,1921-08-01,1921,8,1,Fungi,PRESERVED_SPECIMEN
5069249745,RO,,44.5,26.083333,1921-08-01,1921,8,1,,PRESERVED_SPECIMEN
5868779735,RO,,,,1921-08-01,1921,8,1,,PRESERVED_SPECIMEN
3043017107,AT,Wien,,,1919-06-15,1919,6,15,,PRESERVED_SPECIMEN
1928484766,SE,,,,1918-08-07,1918,8,7,Fungi,PRESERVED_SPECIMEN
5196653307,DK,,,,1918-09,1918,9,,Svampedatabase,PRESERVED_SPECIMEN
1840648257,BE,,,,1917-09,1917,9,,,PRESERVED_SPECIMEN
2013963524,DE,,48.4029,11.7412,1916-08,1916,8,,,PRESERVED_SPECIMEN
5937511329,DE,,,,1916-08,1916,8,,,PRESERVED_SPECIMEN
1086308040,DE,Brandenburg,,,1916-09-14,1916,9,14,,PRESERVED_SPECIMEN
1135784620,DE,,,,1916-09-14,1916,9,14,,PRESERVED_SPECIMEN
1840648225,DE,,,,1916-09-14,1916,9,14,,PRESERVED_SPECIMEN
1989230067,DE,Brandenburg,,,1916-09-14,1916,9,14,,PRESERVED_SPECIMEN
3916176651,DE,Brandenburg,52.976619,13.419073,1916-09-14,1916,9,14,,OCCURRENCE
4099793538,DE,,52.825599,13.559686,1916-09-14,1916,9,14,,PRESERVED_SPECIMEN
4099940730,DE,,52.825599,13.559686,1916-09-14,1916,9,14,,PRESERVED_SPECIMEN
4104581987,DE,,,,1916-09-14,1916,9,14,,PRESERVED_SPECIMEN
4464747013,DE,,,,1916-09-14,1916,9,14,,PRESERVED_SPECIMEN
4864689360,DE,,,,1916-09-14,1916,9,14,,PRESERVED_SPECIMEN
5232910806,DE,Brandenburg,,,1916-09-14,1916,9,14,Royal Ontario Museum Mycology (TRTC),PRESERVED_SPECIMEN
5868779358,DE,,52.8125,13.58194,1916-09-14,1916,9,14,,PRESERVED_SPECIMEN
5868779622,DE,,52.8125,13.58194,1916-09-14,1916,9,14,,PRESERVED_SPECIMEN
5937454178,DE,,,,1916-09-14,1916,9,14,,PRESERVED_SPECIMEN
5937511327,DE,,,,1916-09-14,1916,9,14,,PRESERVED_SPECIMEN
6004154416,CZ,,49.54806,17.73472,1915-07,1915,7,,,PRESERVED_SPECIMEN
1086309473,CZ,Jihocesky kraj,,,1915-09-09,1915,9,9,,PRESERVED_SPECIMEN
1928050360,CZ,,,,1915-09-09,1915,9,9,Fungi,PRESERVED_SPECIMEN
1994916505,CZ,Bohemia,,,1915-09-09,1915,9,9,,PRESERVED_SPECIMEN
3965637147,CZ,,49.411005,14.672771,1915-09-09,1915,9,9,,OCCURRENCE
4099318766,CZ,,,,1915-09-09,1915,9,9,,PRESERVED_SPECIMEN
4864689339,CZ,,,,1915-09-09,1915,9,9,,PRESERVED_SPECIMEN
5868779655,CZ,,49.41444,14.65778,1915-09-09,1915,9,9,,PRESERVED_SPECIMEN
5937454151,CZ,,,,1915-09-09,1915,9,9,,PRESERVED_SPECIMEN
5076531576,CZ,,,,1914-08-27,1914,8,27,,PRESERVED_SPECIMEN
5868779356,CZ,,49.54806,17.73472,1914-08-27,1914,8,27,,PRESERVED_SPECIMEN
5937511313,CZ,,,,1914-08-27,1914,8,27,,PRESERVED_SPECIMEN
1086309400,CZ,Olomoucky kraj,,,1914,1914,,,,PRESERVED_SPECIMEN
5076517594,CZ,Olomouc,,,1914,1914,,,,PRESERVED_SPECIMEN
38117680,FR,,,,1913-08,1913,8,,Herbarium Pacificum Algae Specimens,PRESERVED_SPECIMEN
1135717149,DE,,,,1913-08,1913,8,,,PRESERVED_SPECIMEN
1135736935,DE,,46.0,6.0,1913-08,1913,8,,,PRESERVED_SPECIMEN
1840648210,DE,,,,1913-08,1913,8,,,PRESERVED_SPECIMEN
1988800365,DE,,,,1913-08,1913,8,,,PRESERVED_SPECIMEN
3043130097,FR,Grand-Est,,,1913-08,1913,8,,,PRESERVED_SPECIMEN
3916176643,DE,,48.679733,8.355741,1913-08,1913,8,,,OCCURRENCE
3965614643,DE,,48.679733,8.355741,1913-08-07,1913,8,7,,PRESERVED_SPECIMEN
4099308536,DE,,,,1913-08,1913,8,,,PRESERVED_SPECIMEN
4099482721,DE,,,,1913-08,1913,8,,,PRESERVED_SPECIMEN
4100056739,DE,,,,1913-08,1913,8,,,PRESERVED_SPECIMEN
4100056741,DE,,,,1913-08-07,1913,8,7,,PRESERVED_SPECIMEN
4104534091,DE,,48.509788,8.37228,1913-08,1913,8,,,PRESERVED_SPECIMEN
4464742082,DE,,,,1913-08,1913,8,,,PRESERVED_SPECIMEN
5232950506,DE,,,,1913-08,1913,8,,Royal Ontario Museum Mycology (TRTC),PRESERVED_SPECIMEN
5868779362,FR,,49.18333,6.9,1913-08,1913,8,,,PRESERVED_SPECIMEN
5868779651,FR,,49.18333,6.9,1913-08,1913,8,,,PRESERVED_SPECIMEN
5937454148,DE,,,,1913-08,1913,8,,,PRESERVED_SPECIMEN
5937511312,DE,,,,1913-08,1913,8,,,PRESERVED_SPECIMEN
5868779478,AT,,,,1912-07-20,1912,7,20,,PRESERVED_SPECIMEN
5868779605,SK,,,,1912-07,1912,7,,,PRESERVED_SPECIMEN
5196564111,DK,,,,1910-09-15,1910,9,15,Svampedatabase,PRESERVED_SPECIMEN
6181431089,UA,,,,1910-09-17,1910,9,17,,PRESERVED_SPECIMEN
4864689393,PL,,,,1910,1910,,,,PRESERVED_SPECIMEN
1086309447,UA,Lvivska oblast,,,1909-08-19,1909,8,19,,PRESERVED_SPECIMEN
1840648263,PL,,,,1909-08-19,1909,8,19,,PRESERVED_SPECIMEN
3022592178,UA,,,,1909-08-19,1909,8,19,,PRESERVED_SPECIMEN
4099939465,PL,,,,1909-08-19,1909,8,19,,PRESERVED_SPECIMEN
4099940731,PL,,,,1909-08-19,1909,8,19,,PRESERVED_SPECIMEN
5868779628,UA,,,,1909-08-19,1909,8,19,,PRESERVED_SPECIMEN
1086308050,DK,Østjylland,,,1909-09-05,1909,9,5,,PRESERVED_SPECIMEN
6181431088,DE,,,,1907-09,1907,9,,,PRESERVED_SPECIMEN
3022568422,DE,,,,1907-10-01,1907,10,1,,PRESERVED_SPECIMEN
3022583570,SK,,,,1907-10-01,1907,10,1,,PRESERVED_SPECIMEN
5868779599,IT,,,,1906-08-27,1906,8,27,,PRESERVED_SPECIMEN
5868779602,IT,,,,1906-08-27,1906,8,27,,PRESERVED_SPECIMEN
5868779571,IT,,,,1906-09-01,1906,9,1,,PRESERVED_SPECIMEN
5937454180,CH,,,,1905-07,1905,7,,,PRESERVED_SPECIMEN
1086309395,DE,Thüringen,,,1905-08-21,1905,8,21,,PRESERVED_SPECIMEN
1086309446,DE,Thüringen,,,1905-08-21,1905,8,21,,PRESERVED_SPECIMEN
1840648229,BE,,,,1905-09-10,1905,9,10,,PRESERVED_SPECIMEN
1840648217,DE,,,,1905-10-03,1905,10,3,,PRESERVED_SPECIMEN
442059762,PL,,51.0,16.5,1905,1905,,,,PRESERVED_SPECIMEN
4099714732,DE,,,,1904-05,1904,5,,,PRESERVED_SPECIMEN
5937454443,CH,,,,1904-08-09,1904,8,9,,PRESERVED_SPECIMEN
5937511278,CH,,,,1903-04,1903,4,,,PRESERVED_SPECIMEN
5937511333,CH,,,,1903-04,1903,4,,,PRESERVED_SPECIMEN
3120363589,CH,Vd,46.79072,6.62006,1903-08-20,1903,8,20,,PRESERVED_SPECIMEN
1086308123,IT,,,,1903-09,1903,9,,,PRESERVED_SPECIMEN
1840648227,DE,,,,1903-09,1903,9,,,PRESERVED_SPECIMEN
3916176654,DE,Bayern,48.627773,12.113542,1903-09,1903,9,,,OCCURRENCE
3965614642,DE,,49.0,11.5,1903-09,1903,9,,,OCCURRENCE
4099308402,DE,,48.402654,11.747976,1903-09,1903,9,,,PRESERVED_SPECIMEN
4099489690,DE,,48.402654,11.747976,1903-09,1903,9,,,PRESERVED_SPECIMEN
4099489743,DE,,48.402654,11.747976,1903-09,1903,9,,,PRESERVED_SPECIMEN
4099714730,AT,,,,1903-09-27,1903,9,27,,PRESERVED_SPECIMEN
4099940729,DE,,48.402654,11.747976,1903-09,1903,9,,,PRESERVED_SPECIMEN
4104404806,DE,,48.627773,12.113542,1903-09,1903,9,,,PRESERVED_SPECIMEN
4464747016,DE,,,,1903-09,1903,9,,,PRESERVED_SPECIMEN
5232929598,DE,Bavaria,,,1903-09,1903,9,,Royal Ontario Museum Mycology (TRTC),PRESERVED_SPECIMEN
5868779649,DE,,,,1903-09,1903,9,,,PRESERVED_SPECIMEN
5937454217,DE,,,,1903-09,1903,9,,,PRESERVED_SPECIMEN
5937454446,DE,,,,1903-09,1903,9,,,PRESERVED_SPECIMEN
5937511324,DE,,,,1903-09,1903,9,,,PRESERVED_SPECIMEN
5937454415,CH,,,,1902-07-25,1902,7,25,,PRESERVED_SPECIMEN
5937454414,CH,,,,1900-09-23,1900,9,23,,PRESERVED_SPECIMEN
3120397529,CH,Vd,46.79072,6.62006,1900-10-15,1900,10,15,,PRESERVED_SPECIMEN
5937454439,CH,,,,1900-10-05,1900,10,5,,PRESERVED_SPECIMEN
3120410552,CH,Vd,46.79072,6.62006,1899-08-10,1899,8,10,,PRESERVED_SPECIMEN
5937511328,DE,,,,1899-08-04,1899,8,4,,PRESERVED_SPECIMEN
1840648215,BE,,,,1899-09-22,1899,9,22,,PRESERVED_SPECIMEN
4099941716,SI,,,,1899-09-20,1899,9,20,,PRESERVED_SPECIMEN
5868779718,SK,,48.36667,18.93333,1899-09-20,1899,9,20,,PRESERVED_SPECIMEN
4988704645,FR,Cote-d'Or,,,1899,1899,,,Fungi,PRESERVED_SPECIMEN
4099954732,DE,,47.673821,9.766963,1898-07,1898,7,,,PRESERVED_SPECIMEN
4104471199,DE,Baden-Württemberg,48.687662,9.209849,1898-07-15,1898,7,15,,PRESERVED_SPECIMEN
1086308061,DE,Berlin,,,1898-09,1898,9,,,PRESERVED_SPECIMEN
3120413571,CH,Vd,46.79072,6.62006,1898-09-20,1898,9,20,,PRESERVED_SPECIMEN
5196611368,AT,,,,1897-08-27,1897,8,27,Svampedatabase,PRESERVED_SPECIMEN
1086308046,DE,Bayern,,,1897-09,1897,9,,,PRESERVED_SPECIMEN
1086308106,DE,Bayern,,,1897-09,1897,9,,,PRESERVED_SPECIMEN
1930992681,DE,,,,1897-09,1897,9,,Fungi,PRESERVED_SPECIMEN
1994916429,DE,Bavaria,,,1897-09,1897,9,,,PRESERVED_SPECIMEN
2981255214,DE,,48.091312,11.530237,1897-09,1897,9,,,PRESERVED_SPECIMEN
4099438736,DE,,,,1897-09,1897,9,,,PRESERVED_SPECIMEN
4099954680,DE,,,,1897-09,1897,9,,,PRESERVED_SPECIMEN
4100056740,SI,,,,1897-09-20,1897,9,20,,PRESERVED_SPECIMEN
5910700388,DE,,,,1897-09,1897,9,,,PRESERVED_SPECIMEN
1086307999,IT,Veneto,,,1897-10,1897,10,,,PRESERVED_SPECIMEN
1927787976,IT,,,,1897-10,1897,10,,Fungi,PRESERVED_SPECIMEN
1994916599,IT,Treviso,,,1897-10,1897,10,,,PRESERVED_SPECIMEN
4099277376,IT,,,,1897-10,1897,10,,,PRESERVED_SPECIMEN
4100056674,AT,,48.2,16.366667,1897-10,1897,10,,,PRESERVED_SPECIMEN
4100056681,IT,,,,1897-10,1897,10,,,PRESERVED_SPECIMEN
1086308022,AT,Wien,,,1896-10,1896,10,,,PRESERVED_SPECIMEN
5868779725,AT,,,,1896-10,1896,10,,,PRESERVED_SPECIMEN
6181431093,AT,,,,1896-10,1896,10,,,PRESERVED_SPECIMEN
5937454385,CH,,,,1894-07,1894,7,,,PRESERVED_SPECIMEN
1840648194,BE,,,,1894-08-25,1894,8,25,,PRESERVED_SPECIMEN
6145938990,DE,,,,1894-08-30T00:00,1894,8,30,,PRESERVED_SPECIMEN
5937454169,CH,,,,1894-09,1894,9,,,PRESERVED_SPECIMEN
4864680109,PL,,,,1891-09-24,1891,9,24,,PRESERVED_SPECIMEN
4864680111,PL,,,,1891-10,1891,10,,,PRESERVED_SPECIMEN
5937454166,CH,,,,1891-10-27,1891,10,27,,PRESERVED_SPECIMEN
5937454442,CH,,,,1891-10-27,1891,10,27,,PRESERVED_SPECIMEN
1086308045,DE,Sachsen,,,1890-08-30,1890,8,30,,PRESERVED_SPECIMEN
1988632469,DE,,,,1890-08-08,1890,8,8,,PRESERVED_SPECIMEN
1989232505,DE,,,,1890-08-30,1890,8,30,,PRESERVED_SPECIMEN
4099484680,DE,,,,1890-08-30,1890,8,30,,PRESERVED_SPECIMEN
4099714673,DE,,54.633333,9.916667,1890-08-30,1890,8,30,,PRESERVED_SPECIMEN
5868779429,DE,,50.91583,14.07194,1890-08-30,1890,8,30,,PRESERVED_SPECIMEN
1086308044,DE,Sachsen,,,1890-09,1890,9,,,PRESERVED_SPECIMEN
1086308059,DE,Sachsen,,,1890-09-30,1890,9,30,,PRESERVED_SPECIMEN
4100056680,DE,,54.633333,9.916667,1890-09-08,1890,9,8,,PRESERVED_SPECIMEN
4864689386,DE,,,,1890-09-08,1890,9,8,,PRESERVED_SPECIMEN
5868779433,DE,,50.91583,14.07194,1890-09-08,1890,9,8,,PRESERVED_SPECIMEN
4864680100,PL,,,,1890-10-19,1890,10,19,,PRESERVED_SPECIMEN
1086308015,IT,Trentino-Alto Adige,,,1890,1890,,,,PRESERVED_SPECIMEN
4864689384,DE,,,,1890,1890,,,,PRESERVED_SPECIMEN
4864689383,ME,,,,1889-10-12,1889,10,12,,PRESERVED_SPECIMEN
1086308007,IT,,,,1888-01,1888,1,,,PRESERVED_SPECIMEN
1086308023,SI,,,,1888-08,1888,8,,,PRESERVED_SPECIMEN
5868779470,SI,,46.36917,14.11361,1888-08,1888,8,,,PRESERVED_SPECIMEN
4869043367,IT,,,,1888-10-01T00:00,1888,10,1,,PRESERVED_SPECIMEN
1086309448,IT,Lombardia,,,1888,1888,,,,PRESERVED_SPECIMEN
1840648240,IT,,,,1888,1888,,,,PRESERVED_SPECIMEN
1989358390,IT,,,,1888,1888,,,,PRESERVED_SPECIMEN
3893621095,IT,,45.184577,9.158427,1888,1888,,,,OCCURRENCE
4099714674,IT,,,,1888,1888,,,,PRESERVED_SPECIMEN
4988688912,IT,,,,1888,1888,,,Fungi,PRESERVED_SPECIMEN
4998015998,IT,Lombardia,,,1888,1888,,,,PRESERVED_SPECIMEN
1086308005,SI,,,,1887-09,1887,9,,,PRESERVED_SPECIMEN
5937511279,PT,,,,1887-09,1887,9,,,PRESERVED_SPECIMEN
1086308043,IT,,,,1887,1887,,,,PRESERVED_SPECIMEN
1840648188,IT,,,,1887,1887,,,,PRESERVED_SPECIMEN
1930378304,IT,Lombardia,,,1887,1887,,,Fungi,PRESERVED_SPECIMEN
3893621091,IT,,45.083333,9.3,1887,1887,,,,OCCURRENCE
4099941663,IT,,,,1887,1887,,,,PRESERVED_SPECIMEN
4988702507,IT,,,,1887,1887,,,Fungi,PRESERVED_SPECIMEN
5937454353,FR,,,,1886-07,1886,7,,,PRESERVED_SPECIMEN
5937511332,FR,,,,1886-07,1886,7,,,PRESERVED_SPECIMEN
1840648230,BE,,50.788899,4.398599,1886-09,1886,9,,,PRESERVED_SPECIMEN
4864689380,DE,,,,1886-09,1886,9,,,PRESERVED_SPECIMEN
5937454356,FR,,,,1885-07,1885,7,,,PRESERVED_SPECIMEN
4099484738,IT,,,,1885-09-03,1885,9,3,,PRESERVED_SPECIMEN
4876207669,DE,,,,1885-09,1885,9,,,PRESERVED_SPECIMEN
4864689346,IT,,,,1885,1885,,,,PRESERVED_SPECIMEN
1929331818,IT,Toscana,,,1884-08,1884,8,,Fungi,PRESERVED_SPECIMEN
1086308068,DE,Berlin,,,1884-09,1884,9,,,PRESERVED_SPECIMEN
1086308071,DE,Berlin,,,1884-09,1884,9,,,PRESERVED_SPECIMEN
1928267700,DE,,52.483528,13.319938,1884-09,1884,9,,Fungi,PRESERVED_SPECIMEN
5868779656,DE,,52.48361,13.32028,1884-09,1884,9,,,PRESERVED_SPECIMEN
1840648255,BE,,50.788899,4.398599,1883-08,1883,8,,,PRESERVED_SPECIMEN
1086307991,HU,,,,1882-09,1882,9,,,PRESERVED_SPECIMEN
3916132819,HU,,47.5,19.083333,1882-09,1882,9,,,OCCURRENCE
4099482664,HU,,47.5,19.083333,1882-09,1882,9,,,PRESERVED_SPECIMEN
4988692626,HU,,,,1882-09,1882,9,,Fungi,PRESERVED_SPECIMEN
5220495277,HU,,,,1882-09-01T00:00,1882,9,1,,PRESERVED_SPECIMEN
5868779481,SI,,46.05528,14.51444,1882-09-02,1882,9,2,,PRESERVED_SPECIMEN
1086309279,IT,Emilia-Romagna,,,1881-09-26,1881,9,26,,PRESERVED_SPECIMEN
4988701876,CH,Canton Zürich,,,1881-11,1881,11,,Fungi,PRESERVED_SPECIMEN
3120018442,CH,Zh,47.37637,8.51866,1880-07-01,1880,7,1,,PRESERVED_SPECIMEN
3120322588,CH,Tg,47.68586,8.73722,1880-07-01,1880,7,1,,PRESERVED_SPECIMEN
1840646871,IT,,,,1880-09,1880,9,,,PRESERVED_SPECIMEN
1929092511,IT,,,,1880-09,1880,9,,Fungi,PRESERVED_SPECIMEN
1929740296,FR,,,,1880-09,1880,9,,Fungi,PRESERVED_SPECIMEN
3965649450,IT,,41.8719,12.5674,1880-09,1880,9,,,PRESERVED_SPECIMEN
4099954679,IT,,45.976667,12.303333,1880-09,1880,9,,,PRESERVED_SPECIMEN
4527891516,IT,Veneto,,,1880-09,1880,9,,Harvard University Herbaria: All Records,PRESERVED_SPECIMEN
4864680103,SI,,,,1880-09-26,1880,9,26,,PRESERVED_SPECIMEN
4864689378,IT,,,,1880-09,1880,9,,,PRESERVED_SPECIMEN
5054767821,IT,Veneto,,,1880-09,1880,9,,,PRESERVED_SPECIMEN
5868779466,SI,,46.05528,14.51444,1880-09,1880,9,,,PRESERVED_SPECIMEN
5868779625,IT,,,,1880-09,1880,9,,,PRESERVED_SPECIMEN
5868779643,SI,,46.05528,14.51444,1880-09-29,1880,9,29,,PRESERVED_SPECIMEN
1086307971,CH,Thurgau,,,1880-10,1880,10,,,PRESERVED_SPECIMEN
1086307987,CH,Thurgau,,,1880-10,1880,10,,,PRESERVED_SPECIMEN
1086308029,CH,Thurgau,,,1880-10,1880,10,,,PRESERVED_SPECIMEN
1840648216,CH,,,,1880-10,1880,10,,,PRESERVED_SPECIMEN
1928921311,CH,,,,1880-10,1880,10,,Fungi,PRESERVED_SPECIMEN
4988701022,CH,Kanton Thurgau,,,1880-10,1880,10,,Fungi,PRESERVED_SPECIMEN
5868779710,CH,,47.68917,8.74944,1880-10,1880,10,,,PRESERVED_SPECIMEN
5937454389,CH,,,,1880-10,1880,10,,,PRESERVED_SPECIMEN
5937454410,CH,,,,1880-10,1880,10,,,PRESERVED_SPECIMEN
5937454413,CH,,,,1880-10,1880,10,,,PRESERVED_SPECIMEN
1802975856,CH,,,,1880,1880,,,,PRESERVED_SPECIMEN
1930035045,IT,,,,1880,1880,,,Fungi,PRESERVED_SPECIMEN
1930622043,SI,,,,1880,1880,,,Fungi,PRESERVED_SPECIMEN
1989558776,FR,,,,1880,1880,,,,PRESERVED_SPECIMEN
5868779474,IT,,,,1880,1880,,,,PRESERVED_SPECIMEN
5937454411,CH,,,,1880,1880,,,,PRESERVED_SPECIMEN
5937454412,CH,,,,1880,1880,,,,PRESERVED_SPECIMEN
5937511331,IT,,,,1880,1880,,,,PRESERVED_SPECIMEN
1840648213,BE,,50.788899,4.398599,1879-07,1879,7,,,PRESERVED_SPECIMEN
1930266486,FR,Auvergne-Rhône-Alpes,,,1879-09,1879,9,,Fungi,PRESERVED_SPECIMEN
3916132822,FR,,45.748457,4.846711,1879-09,1879,9,,,OCCURRENCE
3965614644,FR,,46.55886,2.197266,1879-09,1879,9,,,OCCURRENCE
5083084370,FR,,45.748333,4.846667,1879-09,1879,9,,,PRESERVED_SPECIMEN
5868779456,FR,,45.75,4.85,1879-09,1879,9,,,PRESERVED_SPECIMEN
5868779619,DE,,,,1879-09,1879,9,,,PRESERVED_SPECIMEN
5868779719,FR,,45.75,4.85,1879-09,1879,9,,,PRESERVED_SPECIMEN
6181449315,FR,,46.772094,1.906083,1879-09,1879,9,,,PRESERVED_SPECIMEN
5937454360,FR,,,,1879,1879,,,,PRESERVED_SPECIMEN
1086308055,IT,Lombardia,,,,,,,,PRESERVED_SPECIMEN
1086308062,SI,,,,,,,,,PRESERVED_SPECIMEN
1927982448,HU,,,,,,,,Fungi,PRESERVED_SPECIMEN
1928588175,HU,,,,,,,,Fungi,PRESERVED_SPECIMEN
1928616798,DE,,,,,,,,Fungi,PRESERVED_SPECIMEN
1928860637,DE,,,,,,,,Fungi,PRESERVED_SPECIMEN
1931100455,DE,,,,,,,,Fungi,PRESERVED_SPECIMEN
1931224457,CH,,,,,,,,Fungi,PRESERVED_SPECIMEN
1935711162,SI,,,,,,,,,PRESERVED_SPECIMEN
3346026134,RO,,,,,,,,,PRESERVED_SPECIMEN
3346028153,IT,,,,,,,,,PRESERVED_SPECIMEN
3348188957,DE,,,,,,,,,PRESERVED_SPECIMEN
3348200846,DE,,,,,,,,,PRESERVED_SPECIMEN
3348225964,DE,,,,,,,,,PRESERVED_SPECIMEN
3696087087,BE,Brussels Hoofdstedelijk Gewest,50.8,4.416667,,,,,,PRESERVED_SPECIMEN
4099197751,IT,,,,,,,,,PRESERVED_SPECIMEN
4099228868,DE,,,,,,,,,PRESERVED_SPECIMEN
4099289479,IT,,,,,,,,,PRESERVED_SPECIMEN
4099289495,IT,,,,,,,,,PRESERVED_SPECIMEN
4099300278,HU,,,,,,,,,PRESERVED_SPECIMEN
4099449030,RO,,,,,,,,,PRESERVED_SPECIMEN
4099713859,DE,,,,,,,,,PRESERVED_SPECIMEN
4099752315,DE,,,,,,,,,PRESERVED_SPECIMEN
4099752340,DE,,,,,,,,,PRESERVED_SPECIMEN
4099940732,HU,,47.5,19.083333,,,,,,PRESERVED_SPECIMEN
4099941721,HU,,47.5,19.083333,,,,,,PRESERVED_SPECIMEN
4099955953,IT,,,,,,,,,PRESERVED_SPECIMEN
4104429049,RO,,,,,,,,,PRESERVED_SPECIMEN
4106930637,SI,,46.055231,14.477282,,,,,,PRESERVED_SPECIMEN
4858832244,PL,,,,,,,,,HUMAN_OBSERVATION
4864689321,SI,,,,,,,,,PRESERVED_SPECIMEN
4868898710,IT,,,,,,,,,PRESERVED_SPECIMEN
4868934093,HU,,,,,,,,,PRESERVED_SPECIMEN
4868942811,RO,,,,,,,,,PRESERVED_SPECIMEN
4868959457,MT,,,,,,,,,PRESERVED_SPECIMEN
4868959530,MT,,,,,,,,,PRESERVED_SPECIMEN
4869175341,PL,,,,,,,,,PRESERVED_SPECIMEN
4899785161,ES,,41.131515,1.153358,,,,,FungaCAT: Banco de datos de los hongos de Cataluña,OCCURRENCE
5079583932,AT,,47.145889,15.474167,,,,,,HUMAN_OBSERVATION
5083082322,SI,Ljubljana,46.055556,14.476944,,,,,,PRESERVED_SPECIMEN
5220479265,HU,,,,,,,,,PRESERVED_SPECIMEN
5843252619,GB,,,,,,,,,PRESERVED_SPECIMEN
5843270556,GB,,,,,,,,,PRESERVED_SPECIMEN
5868779458,SI,,,,,,,,,PRESERVED_SPECIMEN
5868779462,HU,,,,,,,,,PRESERVED_SPECIMEN
5868779614,CH,,,,,,,,,PRESERVED_SPECIMEN
5868779714,HU,,,,,,,,,PRESERVED_SPECIMEN
5937454416,SI,,,,,,,,,PRESERVED_SPECIMEN
5937454418,SI,,,,,,,,,PRESERVED_SPECIMEN
5937511315,HU,,,,,,,,,PRESERVED_SPECIMEN
6030536359,GB,England,52.102764,-2.366404,,,,,Fungal Records Database of Britain and Ireland,HUMAN_OBSERVATION
